uuid,issuer_rfc,receiver_rfc,issue_date,subtotal,iva,total,concepto_text,uso_cfdi,forma_pago,metodo_pago,status
INV-00084,YNB991010BVX,YMT911010BRX,2026-02-28,63515.00,10162.40,73677.40,Servicios de logistica y entrega,G03,03,PPD,vigente
INV-00101,YNJ771010BZX,YMT911010BRX,2026-05-24,17439.00,2790.24,20229.24,Mantenimiento preventivo de instalaciones,G03,03,PPD,vigente
INV-00269,YMZ970424BUX,YMT911010BRX,2026-02-07,20726.00,3316.16,24042.16,Mantenimiento preventivo de instalaciones,G03,03,PPD,vigente
INV-00075,YNF731010BXX,YMT911010BRX,2026-04-11,92808.00,14849.28,107657.28,Servicios de consultoria operativa,G03,03,PPD,vigente
INV-00234,YNR851010CDX,YMT911010BRX,2026-03-01,58097.00,9295.52,67392.52,Suministro de insumos de produccion,G03,03,PPD,vigente
INV-00336,YNL790424CAX,YMT911010BRX,2026-06-12,63439.00,10150.24,73589.24,Servicios de logistica y entrega,G03,03,PPD,vigente
INV-00116,YOM760117COK,YMT911010BRX,2026-04-26,84167.00,13466.72,97633.72,Soporte y licencias de tecnologia,G03,03,PPD,vigente
INV-00235,YNY920703CHK,YMT911010BRX,2026-05-16,26078.00,4172.48,30250.48,Mantenimiento preventivo de instalaciones,G03,03,PPD,vigente
INV-00216,YMV930424BSX,YMT911010BRX,2026-01-05,44768.00,7162.88,51930.88,Cuota mensual: servicios de consultoria operativa,G03,03,PPD,vigente
INV-00098,YOB950424CIX,YMT911010BRX,2026-06-17,62051.00,9928.16,71979.16,Suministro de insumos de produccion,G03,03,PPD,vigente
INV-00319,YMT911010BRX,IJB811010ZVX,2026-01-30,38000.00,6080.00,44080.00,Venta a credito de servicios operativos 1,G03,03,PPD,vigente
INV-00094,YNP830424CCX,YMT911010BRX,2026-02-05,89191.00,14270.56,103461.56,Servicios de consultoria operativa,G03,03,PPD,vigente
INV-00107,YMW940703BTK,YMT911010BRX,2026-06-05,31321.00,5011.36,36332.36,Cuota mensual: servicios de logistica y entrega,G03,03,PPD,vigente
INV-00137,YNE720703BXK,YMT911010BRX,2026-03-31,16215.00,2594.40,18809.40,Mantenimiento preventivo de instalaciones,G03,03,PPD,vigente
INV-00166,YOM760117COK,YMT911010BRX,2026-04-28,16944.00,2711.04,19655.04,Soporte y licencias de tecnologia,G03,03,PPD,vigente
INV-00273,YMU920117BSK,YMT911010BRX,2026-06-05,29738.00,4758.08,34496.08,Cuota mensual: mantenimiento preventivo de instalaciones,G03,03,PPD,vigente
INV-00340,YOD971010CJX,YMT911010BRX,2026-01-23,81914.00,13106.24,95020.24,Mantenimiento preventivo de instalaciones,G03,03,PPD,vigente
INV-00189,YNV891010CFX,YMT911010BRX,2026-04-14,83540.00,13366.40,96906.40,Servicios de logistica y entrega,G03,03,PPD,vigente
INV-00210,YNT870424CEX,YMT911010BRX,2026-03-25,93586.00,14973.76,108559.76,Mantenimiento preventivo de instalaciones,G03,03,PPD,vigente
INV-00138,YOK740703CNK,YMT911010BRX,2026-04-05,57865.00,9258.40,67123.40,Servicios de logistica y entrega,G03,03,PPD,vigente
INV-00294,YNX910424CGX,YMT911010BRX,2026-05-03,92764.00,14842.24,107606.24,Soporte y licencias de tecnologia,G03,03,PPD,vigente
INV-00103,YNQ840703CDK,YMT911010BRX,2026-02-15,40447.00,6471.52,46918.52,Servicios de logistica y entrega,G03,03,PPD,vigente
INV-00142,YOL751010CNX,YMT911010BRX,2026-04-20,70588.00,11294.08,81882.08,Suministro de insumos de produccion,G03,03,PPD,vigente
INV-00069,YNQ840703CDK,YMT911010BRX,2026-02-16,57259.00,9161.44,66420.44,Servicios de logistica y entrega,G03,03,PPD,vigente
INV-00181,YOP791010CPX,YMT911010BRX,2026-06-01,67697.00,10831.52,78528.52,Servicios de logistica y entrega,G03,03,PPD,vigente
INV-00345,YNC700117BWK,YMT911010BRX,2026-03-10,71966.00,11514.56,83480.56,Suministro de insumos de produccion,G03,03,PPD,vigente
INV-00152,YOR810424CQX,YMT911010BRX,2026-06-23,48448.00,7751.68,56199.68,Soporte y licencias de tecnologia,G03,03,PPD,vigente
INV-00302,YOQ800117CQK,YMT911010BRX,2026-06-09,86167.00,13786.72,99953.72,Suministro de insumos de produccion,G03,03,PPD,vigente
INV-00248,YNX910424CGX,YMT911010BRX,2026-05-05,49632.00,7941.12,57573.12,Soporte y licencias de tecnologia,G03,03,PPD,vigente
INV-00244,YOG700703CLK,YMT911010BRX,2026-02-25,66714.00,10674.24,77388.24,Suministro de insumos de produccion,G03,03,PPD,vigente
INV-00173,YOP791010CPX,YMT911010BRX,2026-06-03,25263.00,4042.08,29305.08,Servicios de logistica y entrega,G03,03,PPD,vigente
INV-00054,YNV891010CFX,YMT911010BRX,2026-04-11,20169.00,3227.04,23396.04,Servicios de logistica y entrega,G03,03,PPD,vigente
INV-00299,YOL751010CNX,YMT911010BRX,2026-04-16,12872.00,2059.52,14931.52,Suministro de insumos de produccion,G03,03,PPD,vigente
INV-00346,YNH750424BYX,YMT911010BRX,2026-05-05,60193.00,9630.88,69823.88,Suministro de insumos de produccion,G03,03,PPD,vigente
INV-00186,YOJ730424CMX,YMT911010BRX,2026-03-28,20866.00,3338.56,24204.56,Servicios de consultoria operativa,G03,03,PPD,vigente
INV-00038,YMU920117BSK,YMT911010BRX,2026-01-05,29738.00,4758.08,34496.08,Cuota mensual: mantenimiento preventivo de instalaciones,G03,03,PPD,vigente
INV-00011,YNK780117CAK,YMT911010BRX,2026-06-04,73313.00,11730.08,85043.08,Servicios de consultoria operativa,G03,03,PPD,vigente
INV-00281,YNF731010BXX,YMT911010BRX,2026-04-12,64474.00,10315.84,74789.84,Servicios de consultoria operativa,G03,03,PPD,vigente
INV-00341,YNZ931010CHX,YMT911010BRX,2026-05-28,83560.00,13369.60,96929.60,Servicios de consultoria operativa,G03,03,PPD,vigente
INV-00051,YNA980703BVK,YMT911010BRX,2026-02-11,32646.00,5223.36,37869.36,Servicios de consultoria operativa,G03,03,PPD,vigente
INV-00359,YNT870424CEX,YMT911010BRX,2026-03-26,90449.00,14471.84,104920.84,Mantenimiento preventivo de instalaciones,G03,03,PPD,vigente
INV-00278,YOO780703CPK,YMT911010BRX,2026-05-18,71269.00,11403.04,82672.04,Servicios de consultoria operativa,G03,03,PPD,vigente
INV-00280,YNF731010BXX,YMT911010BRX,2026-04-14,60167.00,9626.72,69793.72,Servicios de consultoria operativa,G03,03,PPD,vigente
INV-00032,YNB991010BVX,YMT911010BRX,2026-02-22,30911.00,4945.76,35856.76,Servicios de logistica y entrega,G03,03,PPD,vigente
INV-00026,YOR810424CQX,YMT911010BRX,2026-06-24,86616.00,13858.56,100474.56,Soporte y licencias de tecnologia,G03,03,PPD,vigente
INV-00266,YMX951010BTX,YMT911010BRX,2026-01-13,63913.00,10226.08,74139.08,Suministro de insumos de produccion,G03,03,PPD,vigente
INV-00139,YOM760117COK,YMT911010BRX,2026-04-30,71721.00,11475.36,83196.36,Soporte y licencias de tecnologia,G03,03,PPD,vigente
INV-00172,YOP791010CPX,YMT911010BRX,2026-05-29,43012.00,6881.92,49893.92,Servicios de logistica y entrega,G03,03,PPD,vigente
INV-00015,YNA980703BVK,YMT911010BRX,2026-02-17,43735.00,6997.60,50732.60,Servicios de consultoria operativa,G03,03,PPD,vigente
INV-00293,YOB950424CIX,YMT911010BRX,2026-06-22,64309.00,10289.44,74598.44,Suministro de insumos de produccion,G03,03,PPD,vigente
INV-00047,YOH711010CLX,YMT911010BRX,2026-03-03,90621.00,14499.36,105120.36,Soporte y licencias de tecnologia,G03,03,PPD,vigente
INV-00230,YNR851010CDX,YMT911010BRX,2026-02-26,37571.00,6011.36,43582.36,Suministro de insumos de produccion,G03,03,PPD,vigente
INV-00232,YMU920117BSK,YMT911010BRX,2026-02-05,29738.00,4758.08,34496.08,Cuota mensual: mantenimiento preventivo de instalaciones,G03,03,PPD,vigente
INV-00188,YOC960703CJK,YMT911010BRX,2026-01-12,33845.00,5415.20,39260.20,Soporte y licencias de tecnologia,G03,03,PPD,vigente
INV-00311,YOH711010CLX,YMT911010BRX,2026-03-04,24659.00,3945.44,28604.44,Soporte y licencias de tecnologia,G03,03,PPD,vigente
INV-00124,YNY920703CHK,YMT911010BRX,2026-05-18,58600.00,9376.00,67976.00,Mantenimiento preventivo de instalaciones,G03,03,PPD,vigente
INV-00161,YOO780703CPK,YMT911010BRX,2026-05-24,63126.00,10100.16,73226.16,Servicios de consultoria operativa,G03,03,PPD,vigente
INV-00082,YNM800703CBK,YMT911010BRX,2026-06-27,13420.00,2147.20,15567.20,Suministro de insumos de produccion,G03,03,PPD,vigente
INV-00089,YOE980117CKK,YMT911010BRX,2026-02-03,72246.00,11559.36,83805.36,Servicios de consultoria operativa,G03,03,PPD,vigente
INV-00088,YOA940117CIK,YMT911010BRX,2026-06-05,91070.00,14571.20,105641.20,Servicios de logistica y entrega,G03,03,PPD,vigente
INV-00184,YNN811010CBX,YMT911010BRX,2026-01-17,63265.00,10122.40,73387.40,Soporte y licencias de tecnologia,G03,03,PPD,vigente
INV-00170,YNS860117CEK,YMT911010BRX,2026-03-11,60061.00,9609.76,69670.76,Soporte y licencias de tecnologia,G03,03,PPD,vigente
INV-00087,YNL790424CAX,YMT911010BRX,2026-06-18,62377.00,9980.32,72357.32,Servicios de logistica y entrega,G03,03,PPD,vigente
INV-00220,YOC960703CJK,YMT911010BRX,2026-01-10,37053.00,5928.48,42981.48,Soporte y licencias de tecnologia,G03,03,PPD,vigente
INV-00040,YOP791010CPX,YMT911010BRX,2026-05-31,18012.00,2881.92,20893.92,Servicios de logistica y entrega,G03,03,PPD,vigente
INV-00018,YOF990424CKX,YMT911010BRX,2026-02-14,76559.00,12249.44,88808.44,Servicios de logistica y entrega,G03,03,PPD,vigente
INV-00147,YNG740117BYK,YMT911010BRX,2026-04-21,48299.00,7727.84,56026.84,Servicios de logistica y entrega,G03,03,PPD,vigente
INV-00252,YNW900117CGK,YMT911010BRX,2026-04-25,42131.00,6740.96,48871.96,Suministro de insumos de produccion,G03,03,PPD,vigente
INV-00223,YOO780703CPK,YMT911010BRX,2026-05-21,84161.00,13465.76,97626.76,Servicios de consultoria operativa,G03,03,PPD,vigente
INV-00199,YOE980117CKK,YMT911010BRX,2026-01-30,90909.00,14545.44,105454.44,Servicios de consultoria operativa,G03,03,PPD,vigente
INV-00247,YOI720117CMK,YMT911010BRX,2026-03-16,83962.00,13433.92,97395.92,Mantenimiento preventivo de instalaciones,G03,03,PPD,vigente
INV-00017,YOG700703CLK,YMT911010BRX,2026-02-24,27627.00,4420.32,32047.32,Suministro de insumos de produccion,G03,03,PPD,vigente
INV-00034,YMY960117BUK,YMT911010BRX,2026-01-24,83647.00,13383.52,97030.52,Soporte y licencias de tecnologia,G03,03,PPD,vigente
INV-00156,YNW900117CGK,YMT911010BRX,2026-04-27,44515.00,7122.40,51637.40,Suministro de insumos de produccion,G03,03,PPD,vigente
INV-00347,YNZ931010CHX,YMT911010BRX,2026-05-30,76815.00,12290.40,89105.40,Servicios de consultoria operativa,G03,03,PPD,vigente
INV-00260,YOB950424CIX,YMT911010BRX,2026-06-19,68949.00,11031.84,79980.84,Suministro de insumos de produccion,G03,03,PPD,vigente
INV-00236,YOQ800117CQK,YMT911010BRX,2026-06-11,66790.00,10686.40,77476.40,Suministro de insumos de produccion,G03,03,PPD,vigente
INV-00140,YOG700703CLK,YMT911010BRX,2026-02-22,25341.00,4054.56,29395.56,Suministro de insumos de produccion,G03,03,PPD,vigente
INV-00118,YON770424COX,YMT911010BRX,2026-05-12,22706.00,3632.96,26338.96,Mantenimiento preventivo de instalaciones,G03,03,PPD,vigente
INV-00326,YOH711010CLX,YMT911010BRX,2026-03-06,32442.00,5190.72,37632.72,Soporte y licencias de tecnologia,G03,03,PPD,vigente
INV-00324,YOO780703CPK,YMT911010BRX,2026-05-22,18685.00,2989.60,21674.60,Servicios de consultoria operativa,G03,03,PPD,vigente
INV-00261,YNV891010CFX,YMT911010BRX,2026-04-13,63268.00,10122.88,73390.88,Servicios de logistica y entrega,G03,03,PPD,vigente
INV-00063,YOK740703CNK,YMT911010BRX,2026-04-06,85543.00,13686.88,99229.88,Servicios de logistica y entrega,G03,03,PPD,vigente
INV-00198,YOI720117CMK,YMT911010BRX,2026-03-14,68631.00,10980.96,79611.96,Mantenimiento preventivo de instalaciones,G03,03,PPD,vigente
INV-00079,YNK780117CAK,YMT911010BRX,2026-06-01,27367.00,4378.72,31745.72,Servicios de consultoria operativa,G03,03,PPD,vigente
INV-00060,YNM800703CBK,YMT911010BRX,2026-06-25,92667.00,14826.72,107493.72,Suministro de insumos de produccion,G03,03,PPD,vigente
INV-00165,YNX910424CGX,YMT911010BRX,2026-05-06,58928.00,9428.48,68356.48,Soporte y licencias de tecnologia,G03,03,PPD,vigente
INV-00212,YOM760117COK,YMT911010BRX,2026-04-27,47193.00,7550.88,54743.88,Soporte y licencias de tecnologia,G03,03,PPD,vigente
INV-00081,YNF731010BXX,YMT911010BRX,2026-04-07,90379.00,14460.64,104839.64,Servicios de consultoria operativa,G03,03,PPD,vigente
INV-00003,YOQ800117CQK,YMT911010BRX,2026-06-13,39195.00,6271.20,45466.20,Suministro de insumos de produccion,G03,03,PPD,vigente
INV-00159,YOK740703CNK,YMT911010BRX,2026-04-04,31677.00,5068.32,36745.32,Servicios de logistica y entrega,G03,03,PPD,vigente
INV-00355,YOE980117CKK,YMT911010BRX,2026-02-01,65230.00,10436.80,75666.80,Servicios de consultoria operativa,G03,03,PPD,vigente
INV-00200,YOF990424CKX,YMT911010BRX,2026-02-11,46259.00,7401.44,53660.44,Servicios de logistica y entrega,G03,03,PPD,vigente
INV-00180,YNU880703CFK,YMT911010BRX,2026-04-02,65225.00,10436.00,75661.00,Servicios de consultoria operativa,G03,03,PPD,vigente
INV-00111,YNU880703CFK,YMT911010BRX,2026-04-01,78314.00,12530.24,90844.24,Servicios de consultoria operativa,G03,03,PPD,vigente
INV-00183,YMZ970424BUX,YMT911010BRX,2026-02-05,47841.00,7654.56,55495.56,Mantenimiento preventivo de instalaciones,G03,03,PPD,vigente
INV-00289,YOC960703CJK,YMT911010BRX,2026-06-28,50639.00,8102.24,58741.24,Soporte y licencias de tecnologia,G03,03,PPD,vigente
INV-00162,YMZ970424BUX,YMT911010BRX,2026-02-02,85831.00,13732.96,99563.96,Mantenimiento preventivo de instalaciones,G03,03,PPD,vigente
INV-00279,YOJ730424CMX,YMT911010BRX,2026-03-29,46278.00,7404.48,53682.48,Servicios de consultoria operativa,G03,03,PPD,vigente
INV-00056,YOI720117CMK,YMT911010BRX,2026-03-13,49171.00,7867.36,57038.36,Mantenimiento preventivo de instalaciones,G03,03,PPD,vigente
INV-00335,YNN811010CBX,YMT911010BRX,2026-01-13,46965.00,7514.40,54479.40,Soporte y licencias de tecnologia,G03,03,PPD,vigente
INV-00321,YNR851010CDX,YMT911010BRX,2026-03-04,47824.00,7651.84,55475.84,Suministro de insumos de produccion,G03,03,PPD,vigente
INV-00106,YNZ931010CHX,YMT911010BRX,2026-05-25,60343.00,9654.88,69997.88,Servicios de consultoria operativa,G03,03,PPD,vigente
INV-00020,YOR810424CQX,YMT911010BRX,2026-06-21,73869.00,11819.04,85688.04,Soporte y licencias de tecnologia,G03,03,PPD,vigente
INV-00312,YNH750424BYX,YMT911010BRX,2026-04-30,52195.00,8351.20,60546.20,Suministro de insumos de produccion,G03,03,PPD,vigente
INV-00057,YNJ771010BZX,YMT911010BRX,2026-05-27,41335.00,6613.60,47948.60,Mantenimiento preventivo de instalaciones,G03,03,PPD,vigente
INV-00121,YOK740703CNK,YMT911010BRX,2026-04-08,17299.00,2767.84,20066.84,Servicios de logistica y entrega,G03,03,PPD,vigente
INV-00338,YOA940117CIK,YMT911010BRX,2026-06-07,83088.00,13294.08,96382.08,Servicios de logistica y entrega,G03,03,PPD,vigente
INV-00134,YNN811010CBX,YMT911010BRX,2026-01-16,34907.00,5585.12,40492.12,Soporte y licencias de tecnologia,G03,03,PPD,vigente
INV-00043,YMU920117BSK,YMT911010BRX,2026-03-05,29738.00,4758.08,34496.08,Cuota mensual: mantenimiento preventivo de instalaciones,G03,03,PPD,vigente
INV-00129,YOQ800117CQK,YMT911010BRX,2026-06-15,83991.00,13438.56,97429.56,Suministro de insumos de produccion,G03,03,PPD,vigente
INV-00095,YNN811010CBX,YMT911010BRX,2026-01-19,71777.00,11484.32,83261.32,Soporte y licencias de tecnologia,G03,03,PPD,vigente
INV-00291,YNU880703CFK,YMT911010BRX,2026-04-05,23349.00,3735.84,27084.84,Servicios de consultoria operativa,G03,03,PPD,vigente
INV-00064,YNB991010BVX,YMT911010BRX,2026-02-27,82784.00,13245.44,96029.44,Servicios de logistica y entrega,G03,03,PPD,vigente
INV-00282,YOL751010CNX,YMT911010BRX,2026-04-19,27779.00,4444.64,32223.64,Suministro de insumos de produccion,G03,03,PPD,vigente
INV-00222,YOL751010CNX,YMT911010BRX,2026-04-18,77407.00,12385.12,89792.12,Suministro de insumos de produccion,G03,03,PPD,vigente
INV-00155,YNG740117BYK,YMT911010BRX,2026-04-22,69159.00,11065.44,80224.44,Servicios de logistica y entrega,G03,03,PPD,vigente
INV-00349,YNN811010CBX,YMT911010BRX,2026-01-15,87725.00,14036.00,101761.00,Soporte y licencias de tecnologia,G03,03,PPD,vigente
INV-00246,YOM760117COK,YMT911010BRX,2026-05-01,43058.00,6889.28,49947.28,Soporte y licencias de tecnologia,G03,03,PPD,vigente
INV-00083,YND710424BWX,YMT911010BRX,2026-03-20,13517.00,2162.72,15679.72,Soporte y licencias de tecnologia,G03,03,PPD,vigente
INV-00132,YOD971010CJX,YMT911010BRX,2026-01-18,15683.00,2509.28,18192.28,Mantenimiento preventivo de instalaciones,G03,03,PPD,vigente
INV-00058,YNI760703BZK,YMT911010BRX,2026-05-15,43484.00,6957.44,50441.44,Soporte y licencias de tecnologia,G03,03,PPD,vigente
INV-00334,YNT870424CEX,YMT911010BRX,2026-03-24,25143.00,4022.88,29165.88,Mantenimiento preventivo de instalaciones,G03,03,PPD,vigente
INV-00309,YOM760117COK,YMT911010BRX,2026-05-02,31890.00,5102.40,36992.40,Soporte y licencias de tecnologia,G03,03,PPD,vigente
INV-00110,YNA980703BVK,YMT911010BRX,2026-02-13,94435.00,15109.60,109544.60,Servicios de consultoria operativa,G03,03,PPD,vigente
INV-00284,YNH750424BYX,YMT911010BRX,2026-05-03,58393.00,9342.88,67735.88,Suministro de insumos de produccion,G03,03,PPD,vigente
INV-00274,YNK780117CAK,YMT911010BRX,2026-06-03,18587.00,2973.92,21560.92,Servicios de consultoria operativa,G03,03,PPD,vigente
INV-00201,YNX910424CGX,YMT911010BRX,2026-05-07,40558.00,6489.28,47047.28,Soporte y licencias de tecnologia,G03,03,PPD,vigente
INV-00067,YNV891010CFX,YMT911010BRX,2026-04-12,61476.00,9836.16,71312.16,Servicios de logistica y entrega,G03,03,PPD,vigente
INV-00150,YMW940703BTK,YMT911010BRX,2026-04-05,31321.00,5011.36,36332.36,Cuota mensual: servicios de logistica y entrega,G03,03,PPD,vigente
INV-00354,YOC960703CJK,YMT911010BRX,2026-06-29,76978.00,12316.48,89294.48,Soporte y licencias de tecnologia,G03,03,PPD,vigente
INV-00268,YNP830424CCX,YMT911010BRX,2026-02-06,53369.00,8539.04,61908.04,Servicios de consultoria operativa,G03,03,PPD,vigente
INV-00241,YOC960703CJK,YMT911010BRX,2026-01-09,88275.00,14124.00,102399.00,Soporte y licencias de tecnologia,G03,03,PPD,vigente
INV-00218,YNC700117BWK,YMT911010BRX,2026-03-08,43716.00,6994.56,50710.56,Suministro de insumos de produccion,G03,03,PPD,vigente
INV-00108,YOG700703CLK,YMT911010BRX,2026-02-21,85375.00,13660.00,99035.00,Suministro de insumos de produccion,G03,03,PPD,vigente
INV-00050,YNC700117BWK,YMT911010BRX,2026-03-11,53036.00,8485.76,61521.76,Suministro de insumos de produccion,G03,03,PPD,vigente
INV-00114,YNB991010BVX,YMT911010BRX,2026-03-01,43906.00,7024.96,50930.96,Servicios de logistica y entrega,G03,03,PPD,vigente
INV-00059,YNV891010CFX,YMT911010BRX,2026-04-16,69285.00,11085.60,80370.60,Servicios de logistica y entrega,G03,03,PPD,vigente
INV-00016,YNK780117CAK,YMT911010BRX,2026-06-05,15112.00,2417.92,17529.92,Servicios de consultoria operativa,G03,03,PPD,vigente
INV-00253,YNU880703CFK,YMT911010BRX,2026-04-03,33297.00,5327.52,38624.52,Servicios de consultoria operativa,G03,03,PPD,vigente
INV-00304,YNP830424CCX,YMT911010BRX,2026-02-08,69943.00,11190.88,81133.88,Servicios de consultoria operativa,G03,03,PPD,vigente
INV-00328,YOK740703CNK,YMT911010BRX,2026-04-10,37886.00,6061.76,43947.76,Servicios de logistica y entrega,G03,03,PPD,vigente
INV-00077,YNH750424BYX,YMT911010BRX,2026-05-02,59649.00,9543.84,69192.84,Suministro de insumos de produccion,G03,03,PPD,vigente
INV-00105,YNC700117BWK,YMT911010BRX,2026-03-07,23925.00,3828.00,27753.00,Suministro de insumos de produccion,G03,03,PPD,vigente
INV-00080,YNU880703CFK,YMT911010BRX,2026-03-31,52862.00,8457.92,61319.92,Servicios de consultoria operativa,G03,03,PPD,vigente
INV-00288,YMZ970424BUX,YMT911010BRX,2026-02-06,83929.00,13428.64,97357.64,Mantenimiento preventivo de instalaciones,G03,03,PPD,vigente
INV-00100,YOH711010CLX,YMT911010BRX,2026-03-07,38279.00,6124.64,44403.64,Soporte y licencias de tecnologia,G03,03,PPD,vigente
INV-00295,YNW900117CGK,YMT911010BRX,2026-04-22,81202.00,12992.32,94194.32,Suministro de insumos de produccion,G03,03,PPD,vigente
INV-00046,YMY960117BUK,YMT911010BRX,2026-01-20,40349.00,6455.84,46804.84,Soporte y licencias de tecnologia,G03,03,PPD,vigente
INV-00065,YNY920703CHK,YMT911010BRX,2026-05-17,24602.00,3936.32,28538.32,Mantenimiento preventivo de instalaciones,G03,03,PPD,vigente
INV-00255,YNI760703BZK,YMT911010BRX,2026-05-14,41809.00,6689.44,48498.44,Soporte y licencias de tecnologia,G03,03,PPD,vigente
INV-00332,YNE720703BXK,YMT911010BRX,2026-04-01,28081.00,4492.96,32573.96,Mantenimiento preventivo de instalaciones,G03,03,PPD,vigente
INV-00033,YMW940703BTK,YMT911010BRX,2026-05-05,31321.00,5011.36,36332.36,Cuota mensual: servicios de logistica y entrega,G03,03,PPD,vigente
INV-00271,YNF731010BXX,YMT911010BRX,2026-04-08,59942.00,9590.72,69532.72,Servicios de consultoria operativa,G03,03,PPD,vigente
INV-00327,YNC700117BWK,YMT911010BRX,2026-03-05,94504.00,15120.64,109624.64,Suministro de insumos de produccion,G03,03,PPD,vigente
INV-00109,YOB950424CIX,YMT911010BRX,2026-06-20,45942.00,7350.72,53292.72,Suministro de insumos de produccion,G03,03,PPD,vigente
INV-00231,YND710424BWX,YMT911010BRX,2026-03-21,64484.00,10317.44,74801.44,Soporte y licencias de tecnologia,G03,03,PPD,vigente
INV-00205,YNJ771010BZX,YMT911010BRX,2026-05-25,66592.00,10654.72,77246.72,Mantenimiento preventivo de instalaciones,G03,03,PPD,vigente
INV-00190,YOR810424CQX,YMT911010BRX,2026-06-22,69031.00,11044.96,80075.96,Soporte y licencias de tecnologia,G03,03,PPD,vigente
INV-00322,YOJ730424CMX,YMT911010BRX,2026-03-30,47814.00,7650.24,55464.24,Servicios de consultoria operativa,G03,03,PPD,vigente
INV-00353,YON770424COX,YMT911010BRX,2026-05-08,72318.00,11570.88,83888.88,Mantenimiento preventivo de instalaciones,G03,03,PPD,vigente
INV-00013,YND710424BWX,YMT911010BRX,2026-03-23,49453.00,7912.48,57365.48,Soporte y licencias de tecnologia,G03,03,PPD,vigente
INV-00012,YNY920703CHK,YMT911010BRX,2026-05-14,92895.00,14863.20,107758.20,Mantenimiento preventivo de instalaciones,G03,03,PPD,vigente
INV-00182,YNA980703BVK,YMT911010BRX,2026-02-14,94349.00,15095.84,109444.84,Servicios de consultoria operativa,G03,03,PPD,vigente
INV-00008,YNP830424CCX,YMT911010BRX,2026-02-09,60077.00,9612.32,69689.32,Servicios de consultoria operativa,G03,03,PPD,vigente
INV-00053,YOQ800117CQK,YMT911010BRX,2026-06-12,35251.00,5640.16,40891.16,Suministro de insumos de produccion,G03,03,PPD,vigente
INV-00197,YOD971010CJX,YMT911010BRX,2026-01-19,87346.00,13975.36,101321.36,Mantenimiento preventivo de instalaciones,G03,03,PPD,vigente
INV-00227,YNM800703CBK,YMT911010BRX,2026-06-26,91766.00,14682.56,106448.56,Suministro de insumos de produccion,G03,03,PPD,vigente
INV-00283,YNT870424CEX,YMT911010BRX,2026-03-20,19263.00,3082.08,22345.08,Mantenimiento preventivo de instalaciones,G03,03,PPD,vigente
INV-00078,YOF990424CKX,YMT911010BRX,2026-02-08,23671.00,3787.36,27458.36,Servicios de logistica y entrega,G03,03,PPD,vigente
INV-00306,YOE980117CKK,YMT911010BRX,2026-02-02,49848.00,7975.68,57823.68,Servicios de consultoria operativa,G03,03,PPD,vigente
INV-00323,YNS860117CEK,YMT911010BRX,2026-03-12,12175.00,1948.00,14123.00,Soporte y licencias de tecnologia,G03,03,PPD,vigente
INV-00233,YNL790424CAX,YMT911010BRX,2026-06-13,31378.00,5020.48,36398.48,Servicios de logistica y entrega,G03,03,PPD,vigente
INV-00292,YNE720703BXK,YMT911010BRX,2026-03-30,27078.00,4332.48,31410.48,Mantenimiento preventivo de instalaciones,G03,03,PPD,vigente
INV-00002,YNW900117CGK,YMT911010BRX,2026-04-26,62849.00,10055.84,72904.84,Suministro de insumos de produccion,G03,03,PPD,vigente
INV-00242,YOI720117CMK,YMT911010BRX,2026-03-15,52332.00,8373.12,60705.12,Mantenimiento preventivo de instalaciones,G03,03,PPD,vigente
INV-00151,YOK740703CNK,YMT911010BRX,2026-04-07,32384.00,5181.44,37565.44,Servicios de logistica y entrega,G03,03,PPD,vigente
INV-00267,YOR810424CQX,YMT911010BRX,2026-06-25,19308.00,3089.28,22397.28,Soporte y licencias de tecnologia,G03,03,PPD,vigente
INV-00224,YNS860117CEK,YMT911010BRX,2026-03-13,87518.00,14002.88,101520.88,Soporte y licencias de tecnologia,G03,03,PPD,vigente
INV-00177,YNG740117BYK,YMT911010BRX,2026-04-24,93275.00,14924.00,108199.00,Servicios de logistica y entrega,G03,03,PPD,vigente
INV-00022,YOI720117CMK,YMT911010BRX,2026-03-19,14639.00,2342.24,16981.24,Mantenimiento preventivo de instalaciones,G03,03,PPD,vigente
INV-00174,YNI760703BZK,YMT911010BRX,2026-05-16,54242.00,8678.72,62920.72,Soporte y licencias de tecnologia,G03,03,PPD,vigente
INV-00157,YOO780703CPK,YMT911010BRX,2026-05-19,12180.00,1948.80,14128.80,Servicios de consultoria operativa,G03,03,PPD,vigente
INV-00179,YNK780117CAK,YMT911010BRX,2026-06-06,91836.00,14693.76,106529.76,Servicios de consultoria operativa,G03,03,PPD,vigente
INV-00135,YOB950424CIX,YMT911010BRX,2026-06-16,15530.00,2484.80,18014.80,Suministro de insumos de produccion,G03,03,PPD,vigente
INV-00297,YNX910424CGX,YMT911010BRX,2026-05-08,72210.00,11553.60,83763.60,Soporte y licencias de tecnologia,G03,03,PPD,vigente
INV-00192,YNC700117BWK,YMT911010BRX,2026-03-06,14846.00,2375.36,17221.36,Suministro de insumos de produccion,G03,03,PPD,vigente
INV-00331,YNI760703BZK,YMT911010BRX,2026-05-13,43061.00,6889.76,49950.76,Soporte y licencias de tecnologia,G03,03,PPD,vigente
INV-00314,YOH711010CLX,YMT911010BRX,2026-03-02,20249.00,3239.84,23488.84,Soporte y licencias de tecnologia,G03,03,PPD,vigente
INV-00123,YNM800703CBK,YMT911010BRX,2026-06-28,24894.00,3983.04,28877.04,Suministro de insumos de produccion,G03,03,PPD,vigente
INV-00164,YMZ970424BUX,YMT911010BRX,2026-02-04,62932.00,10069.12,73001.12,Mantenimiento preventivo de instalaciones,G03,03,PPD,vigente
INV-00238,YMV930424BSX,YMT911010BRX,2026-06-05,44768.00,7162.88,51930.88,Cuota mensual: servicios de consultoria operativa,G03,03,PPD,vigente
INV-00214,YOO780703CPK,YMT911010BRX,2026-05-20,90540.00,14486.40,105026.40,Servicios de consultoria operativa,G03,03,PPD,vigente
INV-00072,YNO820117CCK,YMT911010BRX,2026-01-25,74627.00,11940.32,86567.32,Mantenimiento preventivo de instalaciones,G03,03,PPD,vigente
INV-00143,YNE720703BXK,YMT911010BRX,2026-04-02,86184.00,13789.44,99973.44,Mantenimiento preventivo de instalaciones,G03,03,PPD,vigente
INV-00153,YMX951010BTX,YMT911010BRX,2026-01-16,84313.00,13490.08,97803.08,Suministro de insumos de produccion,G03,03,PPD,vigente
INV-00037,YOF990424CKX,YMT911010BRX,2026-02-13,46144.00,7383.04,53527.04,Servicios de logistica y entrega,G03,03,PPD,vigente
INV-00256,YOH711010CLX,YMT911010BRX,2026-03-05,43490.00,6958.40,50448.40,Soporte y licencias de tecnologia,G03,03,PPD,vigente
INV-00104,YOD971010CJX,YMT911010BRX,2026-01-22,16918.00,2706.88,19624.88,Mantenimiento preventivo de instalaciones,G03,03,PPD,vigente
INV-00001,YNR851010CDX,YMT911010BRX,2026-02-28,13832.00,2213.12,16045.12,Suministro de insumos de produccion,G03,03,PPD,vigente
INV-00348,YNN811010CBX,YMT911010BRX,2026-01-18,14574.00,2331.84,16905.84,Soporte y licencias de tecnologia,G03,03,PPD,vigente
INV-00313,YNO820117CCK,YMT911010BRX,2026-01-29,59000.00,9440.00,68440.00,Mantenimiento preventivo de instalaciones,G03,03,PPD,vigente
INV-00298,YOE980117CKK,YMT911010BRX,2026-01-31,62321.00,9971.36,72292.36,Servicios de consultoria operativa,G03,03,PPD,vigente
INV-00130,YNU880703CFK,YMT911010BRX,2026-04-06,22527.00,3604.32,26131.32,Servicios de consultoria operativa,G03,03,PPD,vigente
INV-00099,YNS860117CEK,YMT911010BRX,2026-03-09,52274.00,8363.84,60637.84,Soporte y licencias de tecnologia,G03,03,PPD,vigente
INV-00007,YMW940703BTK,YMT911010BRX,2026-02-05,31321.00,5011.36,36332.36,Cuota mensual: servicios de logistica y entrega,G03,03,PPD,vigente
INV-00259,YOG700703CLK,YMT911010BRX,2026-02-19,15235.00,2437.60,17672.60,Suministro de insumos de produccion,G03,03,PPD,vigente
INV-00175,YNA980703BVK,YMT911010BRX,2026-02-18,71601.00,11456.16,83057.16,Servicios de consultoria operativa,G03,03,PPD,vigente
INV-00030,YOP791010CPX,YMT911010BRX,2026-06-04,36557.00,5849.12,42406.12,Servicios de logistica y entrega,G03,03,PPD,vigente
INV-00127,YOA940117CIK,YMT911010BRX,2026-06-11,24598.00,3935.68,28533.68,Servicios de logistica y entrega,G03,03,PPD,vigente
INV-00350,YOE980117CKK,YMT911010BRX,2026-01-29,60280.00,9644.80,69924.80,Servicios de consultoria operativa,G03,03,PPD,vigente
INV-00333,YOF990424CKX,YMT911010BRX,2026-02-12,68455.00,10952.80,79407.80,Servicios de logistica y entrega,G03,03,PPD,vigente
INV-00048,YMY960117BUK,YMT911010BRX,2026-01-23,14352.00,2296.32,16648.32,Soporte y licencias de tecnologia,G03,03,PPD,vigente
INV-00204,YOG700703CLK,YMT911010BRX,2026-02-20,90249.00,14439.84,104688.84,Suministro de insumos de produccion,G03,03,PPD,vigente
INV-00229,YOM760117COK,YMT911010BRX,2026-04-29,78714.00,12594.24,91308.24,Soporte y licencias de tecnologia,G03,03,PPD,vigente
INV-00146,YNR851010CDX,YMT911010BRX,2026-03-02,71964.00,11514.24,83478.24,Suministro de insumos de produccion,G03,03,PPD,vigente
INV-00066,YNQ840703CDK,YMT911010BRX,2026-02-21,15143.00,2422.88,17565.88,Servicios de logistica y entrega,G03,03,PPD,vigente
INV-00330,YOA940117CIK,YMT911010BRX,2026-06-08,72441.00,11590.56,84031.56,Servicios de logistica y entrega,G03,03,PPD,vigente
INV-00023,YOD971010CJX,YMT911010BRX,2026-01-17,38640.00,6182.40,44822.40,Mantenimiento preventivo de instalaciones,G03,03,PPD,vigente
INV-00148,YOJ730424CMX,YMT911010BRX,2026-03-24,66396.00,10623.36,77019.36,Servicios de consultoria operativa,G03,03,PPD,vigente
INV-00339,YNP830424CCX,YMT911010BRX,2026-02-04,80103.00,12816.48,92919.48,Servicios de consultoria operativa,G03,03,PPD,vigente
INV-00119,YMY960117BUK,YMT911010BRX,2026-01-21,72652.00,11624.32,84276.32,Soporte y licencias de tecnologia,G03,03,PPD,vigente
INV-00102,YNZ931010CHX,YMT911010BRX,2026-05-29,18542.00,2966.72,21508.72,Servicios de consultoria operativa,G03,03,PPD,vigente
INV-00213,YNK780117CAK,YMT911010BRX,2026-06-02,52256.00,8360.96,60616.96,Servicios de consultoria operativa,G03,03,PPD,vigente
INV-00045,YNH750424BYX,YMT911010BRX,2026-05-01,32328.00,5172.48,37500.48,Suministro de insumos de produccion,G03,03,PPD,vigente
INV-00207,YNG740117BYK,YMT911010BRX,2026-04-20,68220.00,10915.20,79135.20,Servicios de logistica y entrega,G03,03,PPD,vigente
INV-00029,YNG740117BYK,YMT911010BRX,2026-04-25,49740.00,7958.40,57698.40,Servicios de logistica y entrega,G03,03,PPD,vigente
INV-00096,YNE720703BXK,YMT911010BRX,2026-04-03,60471.00,9675.36,70146.36,Mantenimiento preventivo de instalaciones,G03,03,PPD,vigente
INV-00191,YMZ970424BUX,YMT911010BRX,2026-02-03,42840.00,6854.40,49694.40,Mantenimiento preventivo de instalaciones,G03,03,PPD,vigente
INV-00318,YNB991010BVX,YMT911010BRX,2026-02-25,51280.00,8204.80,59484.80,Servicios de logistica y entrega,G03,03,PPD,vigente
INV-00149,YMX951010BTX,YMT911010BRX,2026-01-14,43008.00,6881.28,49889.28,Suministro de insumos de produccion,G03,03,PPD,vigente
INV-00264,YNG740117BYK,YMT911010BRX,2026-04-23,32079.00,5132.64,37211.64,Servicios de logistica y entrega,G03,03,PPD,vigente
INV-00316,YOQ800117CQK,YMT911010BRX,2026-06-10,61935.00,9909.60,71844.60,Suministro de insumos de produccion,G03,03,PPD,vigente
INV-00169,YMX951010BTX,YMT911010BRX,2026-01-09,59612.00,9537.92,69149.92,Suministro de insumos de produccion,G03,03,PPD,vigente
INV-00055,YNR851010CDX,YMT911010BRX,2026-02-27,66327.00,10612.32,76939.32,Suministro de insumos de produccion,G03,03,PPD,vigente
INV-00193,YNM800703CBK,YMT911010BRX,2026-06-24,64340.00,10294.40,74634.40,Suministro de insumos de produccion,G03,03,PPD,vigente
INV-00237,YNL790424CAX,YMT911010BRX,2026-06-17,88948.00,14231.68,103179.68,Servicios de logistica y entrega,G03,03,PPD,vigente
INV-00315,YON770424COX,YMT911010BRX,2026-05-11,26484.00,4237.44,30721.44,Mantenimiento preventivo de instalaciones,G03,03,PPD,vigente
INV-00163,YNY920703CHK,YMT911010BRX,2026-05-15,93848.00,15015.68,108863.68,Mantenimiento preventivo de instalaciones,G03,03,PPD,vigente
INV-00225,YNS860117CEK,YMT911010BRX,2026-03-10,28204.00,4512.64,32716.64,Soporte y licencias de tecnologia,G03,03,PPD,vigente
INV-00049,YON770424COX,YMT911010BRX,2026-05-09,25323.00,4051.68,29374.68,Mantenimiento preventivo de instalaciones,G03,03,PPD,vigente
INV-00014,YMW940703BTK,YMT911010BRX,2026-01-05,31321.00,5011.36,36332.36,Cuota mensual: servicios de logistica y entrega,G03,03,PPD,vigente
INV-00303,YNQ840703CDK,YMT911010BRX,2026-02-17,74374.00,11899.84,86273.84,Servicios de logistica y entrega,G03,03,PPD,vigente
INV-00344,YNQ840703CDK,YMT911010BRX,2026-02-20,65899.00,10543.84,76442.84,Servicios de logistica y entrega,G03,03,PPD,vigente
INV-00254,YNM800703CBK,YMT911010BRX,2026-06-29,27789.00,4446.24,32235.24,Suministro de insumos de produccion,G03,03,PPD,vigente
INV-00061,YNJ771010BZX,YMT911010BRX,2026-05-26,33345.00,5335.20,38680.20,Mantenimiento preventivo de instalaciones,G03,03,PPD,vigente
INV-00025,YMU920117BSK,YMT911010BRX,2026-05-05,29738.00,4758.08,34496.08,Cuota mensual: mantenimiento preventivo de instalaciones,G03,03,PPD,vigente
INV-00361,YOJ730424CMX,YMT911010BRX,2026-03-27,82560.00,13209.60,95769.60,Servicios de consultoria operativa,G03,03,PPD,vigente
INV-00275,YON770424COX,YMT911010BRX,2026-05-10,26799.00,4287.84,31086.84,Mantenimiento preventivo de instalaciones,G03,03,PPD,vigente
INV-00217,YNY920703CHK,YMT911010BRX,2026-05-19,79760.00,12761.60,92521.60,Mantenimiento preventivo de instalaciones,G03,03,PPD,vigente
INV-00070,YOK740703CNK,YMT911010BRX,2026-04-09,49826.00,7972.16,57798.16,Servicios de logistica y entrega,G03,03,PPD,vigente
INV-00343,YND710424BWX,YMT911010BRX,2026-03-17,73902.00,11824.32,85726.32,Soporte y licencias de tecnologia,G03,03,PPD,vigente
INV-00263,YNL790424CAX,YMT911010BRX,2026-06-15,82746.00,13239.36,95985.36,Servicios de logistica y entrega,G03,03,PPD,vigente
INV-00262,YNF731010BXX,YMT911010BRX,2026-04-13,87394.00,13983.04,101377.04,Servicios de consultoria operativa,G03,03,PPD,vigente
INV-00351,YNQ840703CDK,YMT911010BRX,2026-02-19,60160.00,9625.60,69785.60,Servicios de logistica y entrega,G03,03,PPD,vigente
INV-00329,YOC960703CJK,YMT911010BRX,2026-06-27,67723.00,10835.68,78558.68,Soporte y licencias de tecnologia,G03,03,PPD,vigente
INV-00141,YNL790424CAX,YMT911010BRX,2026-06-14,88746.00,14199.36,102945.36,Servicios de logistica y entrega,G03,03,PPD,vigente
INV-00097,YNU880703CFK,YMT911010BRX,2026-04-04,73374.00,11739.84,85113.84,Servicios de consultoria operativa,G03,03,PPD,vigente
INV-00270,YOP791010CPX,YMT911010BRX,2026-05-30,76748.00,12279.68,89027.68,Servicios de logistica y entrega,G03,03,PPD,vigente
INV-00044,YNH750424BYX,YMT911010BRX,2026-04-29,31696.00,5071.36,36767.36,Suministro de insumos de produccion,G03,03,PPD,vigente
INV-00122,YNP830424CCX,YMT911010BRX,2026-02-07,62703.00,10032.48,72735.48,Servicios de consultoria operativa,G03,03,PPD,vigente
INV-00206,YOS820703CRK,YMT911010BRX,2026-02-09,85810.00,13729.60,99539.60,Servicios especializados de planeacion operativa,G03,03,PPD,vigente
INV-00194,YOG700703CLK,YMT911010BRX,2026-02-23,23318.00,3730.88,27048.88,Suministro de insumos de produccion,G03,03,PPD,vigente
INV-00228,YNI760703BZK,YMT911010BRX,2026-05-10,40791.00,6526.56,47317.56,Soporte y licencias de tecnologia,G03,03,PPD,vigente
INV-00317,YMX951010BTX,YMT911010BRX,2026-01-10,72229.00,11556.64,83785.64,Suministro de insumos de produccion,G03,03,PPD,vigente
INV-00240,YOA940117CIK,YMT911010BRX,2026-06-10,20361.00,3257.76,23618.76,Servicios de logistica y entrega,G03,03,PPD,vigente
INV-00285,YNM800703CBK,YMT911010BRX,2026-06-23,79660.00,12745.60,92405.60,Suministro de insumos de produccion,G03,03,PPD,vigente
INV-00360,YNN811010CBX,YMT911010BRX,2026-01-14,72786.00,11645.76,84431.76,Soporte y licencias de tecnologia,G03,03,PPD,vigente
INV-00251,YNO820117CCK,YMT911010BRX,2026-01-27,71525.00,11444.00,82969.00,Mantenimiento preventivo de instalaciones,G03,03,PPD,vigente
INV-00187,YNG740117BYK,YMT911010BRX,2026-04-19,82892.00,13262.72,96154.72,Servicios de logistica y entrega,G03,03,PPD,vigente
INV-00117,YOP791010CPX,YMT911010BRX,2026-06-02,58368.00,9338.88,67706.88,Servicios de logistica y entrega,G03,03,PPD,vigente
INV-00209,YNR851010CDX,YMT911010BRX,2026-03-03,27645.00,4423.20,32068.20,Suministro de insumos de produccion,G03,03,PPD,vigente
INV-00296,YNZ931010CHX,YMT911010BRX,2026-05-27,88013.00,14082.08,102095.08,Servicios de consultoria operativa,G03,03,PPD,vigente
INV-00068,YMV930424BSX,YMT911010BRX,2026-04-05,44768.00,7162.88,51930.88,Cuota mensual: servicios de consultoria operativa,G03,03,PPD,vigente
INV-00276,YOB950424CIX,YMT911010BRX,2026-06-18,78061.00,12489.76,90550.76,Suministro de insumos de produccion,G03,03,PPD,vigente
INV-00265,YNO820117CCK,YMT911010BRX,2026-01-30,32746.00,5239.36,37985.36,Mantenimiento preventivo de instalaciones,G03,03,PPD,vigente
INV-00085,YOI720117CMK,YMT911010BRX,2026-03-17,26474.00,4235.84,30709.84,Mantenimiento preventivo de instalaciones,G03,03,PPD,vigente
INV-00125,YMX951010BTX,YMT911010BRX,2026-01-12,72344.00,11575.04,83919.04,Suministro de insumos de produccion,G03,03,PPD,vigente
INV-00160,YNI760703BZK,YMT911010BRX,2026-05-12,57263.00,9162.08,66425.08,Soporte y licencias de tecnologia,G03,03,PPD,vigente
INV-00091,YON770424COX,YMT911010BRX,2026-05-07,87354.00,13976.64,101330.64,Mantenimiento preventivo de instalaciones,G03,03,PPD,vigente
INV-00277,YMV930424BSX,YMT911010BRX,2026-02-05,44768.00,7162.88,51930.88,Cuota mensual: servicios de consultoria operativa,G03,03,PPD,vigente
INV-00167,YNW900117CGK,YMT911010BRX,2026-04-28,52938.00,8470.08,61408.08,Suministro de insumos de produccion,G03,03,PPD,vigente
INV-00004,YNJ771010BZX,YMT911010BRX,2026-05-21,50799.00,8127.84,58926.84,Mantenimiento preventivo de instalaciones,G03,03,PPD,vigente
INV-00076,YMW940703BTK,YMT911010BRX,2026-03-05,31321.00,5011.36,36332.36,Cuota mensual: servicios de logistica y entrega,G03,03,PPD,vigente
INV-00090,YMZ970424BUX,YMT911010BRX,2026-01-31,35020.00,5603.20,40623.20,Mantenimiento preventivo de instalaciones,G03,03,PPD,vigente
INV-00245,YOO780703CPK,YMT911010BRX,2026-05-23,12558.00,2009.28,14567.28,Servicios de consultoria operativa,G03,03,PPD,vigente
INV-00257,YOQ800117CQK,YMT911010BRX,2026-06-14,89926.00,14388.16,104314.16,Suministro de insumos de produccion,G03,03,PPD,vigente
INV-00009,YOF990424CKX,YMT911010BRX,2026-02-10,19186.00,3069.76,22255.76,Servicios de logistica y entrega,G03,03,PPD,vigente
INV-00028,YNO820117CCK,YMT911010BRX,2026-01-24,93672.00,14987.52,108659.52,Mantenimiento preventivo de instalaciones,G03,03,PPD,vigente
INV-00320,YMX951010BTX,YMT911010BRX,2026-01-11,76995.00,12319.20,89314.20,Suministro de insumos de produccion,G03,03,PPD,vigente
INV-00006,YNP830424CCX,YMT911010BRX,2026-02-10,60509.00,9681.44,70190.44,Servicios de consultoria operativa,G03,03,PPD,vigente
INV-00211,YMY960117BUK,YMT911010BRX,2026-01-27,49835.00,7973.60,57808.60,Soporte y licencias de tecnologia,G03,03,PPD,vigente
INV-00027,YOE980117CKK,YMT911010BRX,2026-01-28,38220.00,6115.20,44335.20,Servicios de consultoria operativa,G03,03,PPD,vigente
INV-00133,YNA980703BVK,YMT911010BRX,2026-02-15,39229.00,6276.64,45505.64,Servicios de consultoria operativa,G03,03,PPD,vigente
INV-00215,YND710424BWX,YMT911010BRX,2026-03-22,77803.00,12448.48,90251.48,Soporte y licencias de tecnologia,G03,03,PPD,vigente
INV-00202,YOH711010CLX,YMT911010BRX,2026-03-08,78144.00,12503.04,90647.04,Soporte y licencias de tecnologia,G03,03,PPD,vigente
INV-00301,YNX910424CGX,YMT911010BRX,2026-05-04,78500.00,12560.00,91060.00,Soporte y licencias de tecnologia,G03,03,PPD,vigente
INV-00019,YND710424BWX,YMT911010BRX,2026-03-19,36882.00,5901.12,42783.12,Soporte y licencias de tecnologia,G03,03,PPD,vigente
INV-00113,YMU920117BSK,YMT911010BRX,2026-04-05,29738.00,4758.08,34496.08,Cuota mensual: mantenimiento preventivo de instalaciones,G03,03,PPD,vigente
INV-00208,YNB991010BVX,YMT911010BRX,2026-02-26,75315.00,12050.40,87365.40,Servicios de logistica y entrega,G03,03,PPD,vigente
INV-00092,YNT870424CEX,YMT911010BRX,2026-03-23,27933.00,4469.28,32402.28,Mantenimiento preventivo de instalaciones,G03,03,PPD,vigente
INV-00287,YMY960117BUK,YMT911010BRX,2026-01-26,53083.00,8493.28,61576.28,Soporte y licencias de tecnologia,G03,03,PPD,vigente
INV-00352,YNY920703CHK,YMT911010BRX,2026-05-20,51108.00,8177.28,59285.28,Mantenimiento preventivo de instalaciones,G03,03,PPD,vigente
INV-00024,YOJ730424CMX,YMT911010BRX,2026-03-26,43896.00,7023.36,50919.36,Servicios de consultoria operativa,G03,03,PPD,vigente
INV-00226,YNL790424CAX,YMT911010BRX,2026-06-16,67751.00,10840.16,78591.16,Servicios de logistica y entrega,G03,03,PPD,vigente
INV-00358,YMY960117BUK,YMT911010BRX,2026-01-22,88772.00,14203.52,102975.52,Soporte y licencias de tecnologia,G03,03,PPD,vigente
INV-00337,YNQ840703CDK,YMT911010BRX,2026-02-18,33127.00,5300.32,38427.32,Servicios de logistica y entrega,G03,03,PPD,vigente
INV-00042,YNZ931010CHX,YMT911010BRX,2026-05-26,39229.00,6276.64,45505.64,Servicios de consultoria operativa,G03,03,PPD,vigente
INV-00290,YNX910424CGX,YMT911010BRX,2026-05-09,63724.00,10195.84,73919.84,Soporte y licencias de tecnologia,G03,03,PPD,vigente
INV-00221,YNW900117CGK,YMT911010BRX,2026-04-23,87087.00,13933.92,101020.92,Suministro de insumos de produccion,G03,03,PPD,vigente
INV-00203,YMT911010BRX,IJB811010ZVX,2026-02-16,61500.00,9840.00,71340.00,Venta a credito de servicios operativos 2,G03,03,PPD,vigente
INV-00010,YOA940117CIK,YMT911010BRX,2026-06-06,92299.00,14767.84,107066.84,Servicios de logistica y entrega,G03,03,PPD,vigente
INV-00112,YNJ771010BZX,YMT911010BRX,2026-05-23,21524.00,3443.84,24967.84,Mantenimiento preventivo de instalaciones,G03,03,PPD,vigente
INV-00196,YNZ931010CHX,YMT911010BRX,2026-05-31,16310.00,2609.60,18919.60,Servicios de consultoria operativa,G03,03,PPD,vigente
INV-00178,YON770424COX,YMT911010BRX,2026-05-13,61249.00,9799.84,71048.84,Mantenimiento preventivo de instalaciones,G03,03,PPD,vigente
INV-00021,YMY960117BUK,YMT911010BRX,2026-01-25,26993.00,4318.88,31311.88,Soporte y licencias de tecnologia,G03,03,PPD,vigente
INV-00071,YMX951010BTX,YMT911010BRX,2026-01-15,41398.00,6623.68,48021.68,Suministro de insumos de produccion,G03,03,PPD,vigente
INV-00073,YOL751010CNX,YMT911010BRX,2026-04-21,20752.00,3320.32,24072.32,Suministro de insumos de produccion,G03,03,PPD,vigente
INV-00243,YOL751010CNX,YMT911010BRX,2026-04-17,65528.00,10484.48,76012.48,Suministro de insumos de produccion,G03,03,PPD,vigente
INV-00120,YOR810424CQX,YMT911010BRX,2026-06-26,80651.00,12904.16,93555.16,Soporte y licencias de tecnologia,G03,03,PPD,vigente
INV-00310,YNF731010BXX,YMT911010BRX,2026-04-10,66638.00,10662.08,77300.08,Servicios de consultoria operativa,G03,03,PPD,vigente
INV-00145,YNC700117BWK,YMT911010BRX,2026-03-12,62845.00,10055.20,72900.20,Suministro de insumos de produccion,G03,03,PPD,vigente
INV-00171,YMV930424BSX,YMT911010BRX,2026-03-05,44768.00,7162.88,51930.88,Cuota mensual: servicios de consultoria operativa,G03,03,PPD,vigente
INV-00126,YNV891010CFX,YMT911010BRX,2026-04-17,65637.00,10501.92,76138.92,Servicios de logistica y entrega,G03,03,PPD,vigente
INV-00307,YNO820117CCK,YMT911010BRX,2026-01-26,80783.00,12925.28,93708.28,Mantenimiento preventivo de instalaciones,G03,03,PPD,vigente
INV-00062,YOD971010CJX,YMT911010BRX,2026-01-20,36462.00,5833.92,42295.92,Mantenimiento preventivo de instalaciones,G03,03,PPD,vigente
INV-00074,YOF990424CKX,YMT911010BRX,2026-02-09,93826.00,15012.16,108838.16,Servicios de logistica y entrega,G03,03,PPD,vigente
INV-00357,YOI720117CMK,YMT911010BRX,2026-03-18,82903.00,13264.48,96167.48,Mantenimiento preventivo de instalaciones,G03,03,PPD,vigente
INV-00325,YNB991010BVX,YMT911010BRX,2026-02-23,18876.00,3020.16,21896.16,Servicios de logistica y entrega,G03,03,PPD,vigente
INV-00036,YOD971010CJX,YMT911010BRX,2026-01-21,18549.00,2967.84,21516.84,Mantenimiento preventivo de instalaciones,G03,03,PPD,vigente
INV-00005,YNH750424BYX,YMT911010BRX,2026-05-04,32645.00,5223.20,37868.20,Suministro de insumos de produccion,G03,03,PPD,vigente
INV-00250,YMV930424BSX,YMT911010BRX,2026-05-05,44768.00,7162.88,51930.88,Cuota mensual: servicios de consultoria operativa,G03,03,PPD,vigente
INV-00305,YNW900117CGK,YMT911010BRX,2026-04-24,58451.00,9352.16,67803.16,Suministro de insumos de produccion,G03,03,PPD,vigente
INV-00041,YNO820117CCK,YMT911010BRX,2026-01-28,35206.00,5632.96,40838.96,Mantenimiento preventivo de instalaciones,G03,03,PPD,vigente
INV-00342,YNV891010CFX,YMT911010BRX,2026-04-15,86823.00,13891.68,100714.68,Servicios de logistica y entrega,G03,03,PPD,vigente
INV-00093,YNG740117BYK,YMT911010BRX,2026-04-18,63790.00,10206.40,73996.40,Servicios de logistica y entrega,G03,03,PPD,vigente
INV-00286,YNK780117CAK,YMT911010BRX,2026-06-07,14766.00,2362.56,17128.56,Servicios de consultoria operativa,G03,03,PPD,vigente
INV-00158,YNE720703BXK,YMT911010BRX,2026-03-27,31588.00,5054.08,36642.08,Mantenimiento preventivo de instalaciones,G03,03,PPD,vigente
INV-00131,YNT870424CEX,YMT911010BRX,2026-03-21,53563.00,8570.08,62133.08,Mantenimiento preventivo de instalaciones,G03,03,PPD,vigente
INV-00176,YND710424BWX,YMT911010BRX,2026-03-18,15773.00,2523.68,18296.68,Soporte y licencias de tecnologia,G03,03,PPD,vigente
INV-00031,YMZ970424BUX,YMT911010BRX,2026-02-01,35511.00,5681.76,41192.76,Mantenimiento preventivo de instalaciones,G03,03,PPD,vigente
INV-00272,YOB950424CIX,YMT911010BRX,2026-06-21,92492.00,14798.72,107290.72,Suministro de insumos de produccion,G03,03,PPD,vigente
INV-00185,YNS860117CEK,YMT911010BRX,2026-03-15,63530.00,10164.80,73694.80,Soporte y licencias de tecnologia,G03,03,PPD,vigente
INV-00356,YNF731010BXX,YMT911010BRX,2026-04-09,17663.00,2826.08,20489.08,Servicios de consultoria operativa,G03,03,PPD,vigente
INV-00249,YNB991010BVX,YMT911010BRX,2026-02-24,60850.00,9736.00,70586.00,Servicios de logistica y entrega,G03,03,PPD,vigente
INV-00168,YNJ771010BZX,YMT911010BRX,2026-05-22,47637.00,7621.92,55258.92,Mantenimiento preventivo de instalaciones,G03,03,PPD,vigente
INV-00136,YOL751010CNX,YMT911010BRX,2026-04-15,25837.00,4133.92,29970.92,Suministro de insumos de produccion,G03,03,PPD,vigente
INV-00035,YNC700117BWK,YMT911010BRX,2026-03-09,35038.00,5606.08,40644.08,Suministro de insumos de produccion,G03,03,PPD,vigente
INV-00128,YNE720703BXK,YMT911010BRX,2026-03-29,19479.00,3116.64,22595.64,Mantenimiento preventivo de instalaciones,G03,03,PPD,vigente
INV-00039,YNE720703BXK,YMT911010BRX,2026-03-28,52147.00,8343.52,60490.52,Mantenimiento preventivo de instalaciones,G03,03,PPD,vigente
INV-00115,YOC960703CJK,YMT911010BRX,2026-01-11,24686.00,3949.76,28635.76,Soporte y licencias de tecnologia,G03,03,PPD,vigente
INV-00308,YOA940117CIK,YMT911010BRX,2026-06-09,54802.00,8768.32,63570.32,Servicios de logistica y entrega,G03,03,PPD,vigente
INV-00144,YOR810424CQX,YMT911010BRX,2026-06-20,55204.00,8832.64,64036.64,Soporte y licencias de tecnologia,G03,03,PPD,vigente
INV-00300,YNS860117CEK,YMT911010BRX,2026-03-14,87365.00,13978.40,101343.40,Soporte y licencias de tecnologia,G03,03,PPD,vigente
INV-00239,YNT870424CEX,YMT911010BRX,2026-03-22,77370.00,12379.20,89749.20,Mantenimiento preventivo de instalaciones,G03,03,PPD,vigente
INV-00258,YNI760703BZK,YMT911010BRX,2026-05-11,82560.00,13209.60,95769.60,Soporte y licencias de tecnologia,G03,03,PPD,vigente
INV-00219,YND710424BWX,YMT911010BRX,2026-03-16,85546.00,13687.36,99233.36,Soporte y licencias de tecnologia,G03,03,PPD,vigente
INV-00052,YNA980703BVK,YMT911010BRX,2026-02-16,26766.00,4282.56,31048.56,Servicios de consultoria operativa,G03,03,PPD,vigente
INV-00154,YOJ730424CMX,YMT911010BRX,2026-03-25,37427.00,5988.32,43415.32,Servicios de consultoria operativa,G03,03,PPD,vigente
INV-00086,YOR810424CQX,YMT911010BRX,2026-01-19,22500.00,3600.00,26100.00,Soporte y licencias de tecnologia,G03,03,PPD,cancelado
INV-00195,YNA980703BVK,YMT911010BRX,2026-02-12,29421.00,4707.36,34128.36,Servicios de consultoria operativa,G03,03,PPD,vigente
